INSERT INTO SYSTEM.T_USERS (
    USER_ID, FIRST_NAME, LAST_NAME, EMAIL, PHONE, ADDRESS
) VALUES (
    1003, 'Michael', 'Clark', 'michael.clark@example.com', '9011223344', 'AA'
);

INSERT INTO SYSTEM.T_USERS (
    USER_ID, FIRST_NAME, LAST_NAME, EMAIL, PHONE, ADDRESS
) VALUES (
    1004, 'Emma', 'Wilson', 'emma.wilson@example.com', '9344556677', 'BB'
);

INSERT INTO SYSTEM.T_PATIENTS (
    PATIENT_ID, FIRST_NAME, LAST_NAME, GENDER, BIRTH_DATE, MEDICAL_HISTORY, STATUS
) VALUES (
    3003, 'Michael', 'Clark', 'Male', TO_DATE('1988-03-22', 'YYYY-MM-DD'), EMPTY_BLOB(), 'Active'
);

INSERT INTO SYSTEM.T_PATIENTS (
    PATIENT_ID, FIRST_NAME, LAST_NAME, GENDER, BIRTH_DATE, MEDICAL_HISTORY, STATUS
) VALUES (
    3004, 'Emma', 'Wilson', 'Female', TO_DATE('1992-11-12', 'YYYY-MM-DD'), EMPTY_BLOB(), 'Active'
);

INSERT INTO SYSTEM.T_DOCTORS (
    DOCTOR_ID, FIRST_NAME, LAST_NAME, PASSWORD, DEGREE, SPECIALIZATION,
    REGISTRATION_ID, PHONE, ADDRESS, STATUS, FEES
) VALUES (
    5003, 'Samantha', 'Lee', 'hashed_pass_4', 'MBBS, MS', 'Orthopedic',
    'REG789012', '9000112233', 'AA', 'Active', 750
);

INSERT INTO SYSTEM.T_DOCTORS (
    DOCTOR_ID, FIRST_NAME, LAST_NAME, PASSWORD, DEGREE, SPECIALIZATION,
    REGISTRATION_ID, PHONE, ADDRESS, STATUS, FEES
) VALUES (
    5004, 'Daniel', 'Evans', 'hashed_pass_5', 'MBBS, DNB', 'Neurologist',
    'REG890123', '9445566778', 'BB', 'Active', 950
);

INSERT INTO SYSTEM.T_LOCATION_DETAIL (
    LOCATION_ID, NAME, TYPE, ADDRESS
) VALUES (
    4003, 'Sunshine Hospital', 'Hospital', 'AA'
);

INSERT INTO SYSTEM.T_LOCATION_DETAIL (
    LOCATION_ID, NAME, TYPE, ADDRESS
) VALUES (
    4004, 'Healthy Life Clinic', 'Clinic', 'BB'
);

INSERT INTO SYSTEM.T_SLOT_MASTER_DATA (
    SLOT_ID, SLOT_DATE, START_TIME, END_TIME, SLOT_STATUS
) VALUES (
    6003,
    TO_DATE('2025-04-12', 'YYYY-MM-DD'),
    TO_TIMESTAMP('09:00:00', 'HH24:MI:SS'),
    TO_TIMESTAMP('10:00:00', 'HH24:MI:SS'),
    'Available'
);

INSERT INTO SYSTEM.T_SLOT_MASTER_DATA (
    SLOT_ID, SLOT_DATE, START_TIME, END_TIME, SLOT_STATUS
) VALUES (
    6004,
    TO_DATE('2025-04-13', 'YYYY-MM-DD'),
    TO_TIMESTAMP('11:00:00', 'HH24:MI:SS'),
    TO_TIMESTAMP('12:00:00', 'HH24:MI:SS'),
    'Available'
);

INSERT INTO SYSTEM.T_APPOINTMENTS (
    APPOINTMENT_ID, PATIENT_ID, BOOKED_BY_USER_ID, DOCTOR_ID,
    SLOT_ID, LOCATION_ID, APPOINTMENT_DATE, STATUS
) VALUES (
    7003, 3003, 1003, 5003,
    6003, 4003, TO_DATE('2025-04-12', 'YYYY-MM-DD'), 'Confirmed'
);

INSERT INTO SYSTEM.T_APPOINTMENTS (
    APPOINTMENT_ID, PATIENT_ID, BOOKED_BY_USER_ID, DOCTOR_ID,
    SLOT_ID, LOCATION_ID, APPOINTMENT_DATE, STATUS
) VALUES (
    7004, 3004, 1004, 5004,
    6004, 4004, TO_DATE('2025-04-13', 'YYYY-MM-DD'), 'Pending'
);

INSERT INTO SYSTEM.T_USER_PATIENTS (
    USER_PATIENT_ID, USER_ID, PATIENT_ID, RELATIONSHIP
) VALUES (
    8005, 1003, 3003, 'Self'
);

INSERT INTO SYSTEM.T_USER_PATIENTS (
    USER_PATIENT_ID, USER_ID, PATIENT_ID, RELATIONSHIP
) VALUES (
    8006, 1004, 3004, 'Parent'
);

commit;